AcousticContaminationMadrid,HydraLabelBoost_OH,TEST,0,MILLISECONDS,Generated by run_regression_experiment on 02/24/2025, 18:01:22
{'seed': 0, 'n_estimators': 7, 'l2_reg': 1.1833606849203158, 'boost_lr': 0.9277709298407405}
17.35628317545259,16401,50,152,585728,N/A,-1,-1
86.2,81.16578674316406
81.2,79.63572692871094
85.4,80.71930694580078
87.8,84.53048706054688
77.8,75.32838439941406
85.2,79.76286315917969
92.7,79.93704223632812
74.0,74.30164337158203
76.6,81.65321350097656
76.7,74.78379821777344
74.6,78.48046875
78.4,75.41008758544922
81.7,78.21859741210938
81.9,76.7904281616211
76.2,74.8350830078125
80.9,81.27657318115234
77.6,79.8760986328125
91.5,83.4100570678711
91.1,79.23738098144531
94.8,92.2718505859375
76.0,79.74272918701172
74.9,78.84105682373047
84.2,80.3875961303711
89.5,90.52059936523438
80.5,80.35536193847656
81.0,85.74835968017578
80.9,79.41603088378906
89.6,86.98384094238281
89.5,84.47997283935547
67.9,70.35200500488281
77.8,76.66839599609375
75.9,80.3950424194336
76.4,75.69876098632812
77.0,78.70092010498047
88.1,84.62812042236328
76.1,76.00322723388672
75.7,77.26919555664062
82.5,79.64545440673828
89.0,87.96124267578125
82.5,74.95977020263672
76.2,79.06263732910156
87.8,85.36468505859375
79.4,79.18690490722656
80.4,77.85147094726562
88.8,84.6080093383789
90.8,86.84100341796875
78.2,77.9648208618164
77.3,78.29631805419922
77.0,80.99629974365234
80.6,80.19446563720703
89.3,83.73204040527344
77.3,77.75930786132812
83.5,80.19593811035156
87.0,81.37030029296875
84.1,89.16255950927734
78.4,79.52225494384766
80.5,80.85810852050781
78.4,79.42588806152344
75.4,81.6434097290039
79.8,78.7798080444336
76.7,78.2069091796875
87.9,85.96141052246094
75.7,77.70574188232422
92.2,88.61257934570312
89.7,88.80742645263672
85.0,82.8917236328125
76.4,74.86418914794922
90.4,90.82674407958984
75.3,77.8197021484375
104.5,90.59965515136719
80.1,77.88541412353516
76.7,80.92157745361328
