BinanceCoinSentiment,HydraBoostGridSearchHoldout,TEST,0,MILLISECONDS,Generated by run_regression_experiment on 02/19/2025, 14:43:28
{'seed': 0, 'n_layers': 4, 'l2_reg': 7.505241622349544, 'l2_ghat': 0.4222048983149828, 'boost_lr': 0.9025957007038717}
0.14115882294576998,14727,232,1566,77680640,N/A,-1,-1
-0.0142,0.45047885179519653
0.293,0.3037300705909729
-0.818,0.23159924149513245
0.273,0.4099576473236084
0.6422,0.2965644299983978
0.041,0.21630269289016724
0.4042,0.422603964805603
0.389,0.41747015714645386
0.896,0.536749005317688
0.0956,0.6410274505615234
0.2601,0.4491555094718933
0.557,0.34164145588874817
0.637,0.19098196923732758
0.142,0.40122753381729126
0.8257,0.259341299533844
0.5953,0.4652566909790039
0.7043,0.4134445786476135
0.5646,0.20116929709911346
0.1562,0.4150014817714691
0.3987,0.4573245346546173
0.0833,0.31587734818458557
-0.1605,0.12823817133903503
-0.308,0.17425189912319183
-0.527,0.11550596356391907
0.4677,0.4485071003437042
0.2355,0.5801161527633667
0.7242,0.5571904182434082
0.6244,0.31529703736305237
0.041,0.3425099849700928
0.6207,0.5976204872131348
-0.273,0.6071345806121826
0.4508,0.4943859577178955
0.852,0.3519563376903534
0.103,0.3766205906867981
0.1455,0.41291487216949463
0.3547,0.36699506640434265
0.4417,0.32928386330604553
0.637,0.49923181533813477
0.3723,0.25272122025489807
0.3955,0.5180447697639465
0.3224,0.4800015687942505
0.5774,0.1938743144273758
-0.7,0.4202123284339905
-0.1678,0.4863744378089905
0.6678,0.22741633653640747
0.338,0.5865363478660583
0.511,0.3148852288722992
0.2851,0.512230396270752
0.5835,0.5980638861656189
0.1943,0.4310402572154999
0.2455,0.48189374804496765
0.5779,0.21875637769699097
0.9387,0.3087761700153351
0.665,0.266465961933136
0.1965,0.4895886778831482
-0.069,0.4283613860607147
-0.227,0.5162549018859863
0.6348,0.41150495409965515
0.019,0.2956940829753876
0.0,0.5343029499053955
0.0779,0.18324647843837738
0.836,0.4769510328769684
-0.296,0.3639369606971741
0.4795,0.584365963935852
0.548,0.5133455991744995
0.5072,0.5409577488899231
0.856,0.4020230770111084
0.885,0.42469900846481323
0.4719,0.2514854967594147
0.5852,0.2775092124938965
0.2105,0.27032893896102905
-0.0525,0.4002991318702698
0.201,0.33655235171318054
-0.0963,0.2671070992946625
0.361,0.05272167921066284
0.6118,0.5515589714050293
0.4166,0.49475473165512085
0.361,0.2942163050174713
0.318,0.3245583176612854
