AppliancesEnergy,DummyRegressor,TEST,0,MILLISECONDS,Generated by run_regression_experiment on 02/17/2025, 17:17:05
{'constant': None, 'quantile': None, 'strategy': 'mean', 'validate': False}
11.936329996834191,1,0,145,16384,N/A,-1,-1
17.37,14.165578947368422
20.65,14.165578947368422
11.42,14.165578947368422
10.68,14.165578947368422
12.44,14.165578947368422
11.17,14.165578947368422
24.12,14.165578947368422
10.99,14.165578947368422
13.76,14.165578947368422
14.56,14.165578947368422
14.97,14.165578947368422
13.43,14.165578947368422
11.57,14.165578947368422
9.33,14.165578947368422
15.58,14.165578947368422
20.93,14.165578947368422
11.99,14.165578947368422
15.37,14.165578947368422
10.47,14.165578947368422
14.41,14.165578947368422
10.16,14.165578947368422
15.12,14.165578947368422
12.32,14.165578947368422
10.46,14.165578947368422
15.06,14.165578947368422
9.68,14.165578947368422
10.69,14.165578947368422
17.8,14.165578947368422
10.69,14.165578947368422
17.06,14.165578947368422
20.88,14.165578947368422
10.89,14.165578947368422
13.47,14.165578947368422
13.62,14.165578947368422
13.48,14.165578947368422
14.89,14.165578947368422
10.6,14.165578947368422
15.59,14.165578947368422
17.89,14.165578947368422
12.95,14.165578947368422
10.12,14.165578947368422
12.14,14.165578947368422
