AppliancesEnergy,MultiRocketHydraRegressor,TEST,0,MILLISECONDS,Generated by run_regression_experiment on 02/12/2025, 17:43:19
{'n_groups': 64, 'n_jobs': 1, 'n_kernels': 8, 'random_state': None}
6.156641824138414,1931,809,1060,228610048,N/A,-1,-1
17.3700008392334,14.612970628825208
20.649999618530273,16.505431413714884
11.420000076293945,10.464419688438825
10.680000305175781,11.866625633526104
12.4399995803833,13.059759763638862
11.170000076293945,14.899198410457416
24.1200008392334,17.2618217724729
10.989999771118164,12.726332963411508
13.760000228881836,14.942899571358804
14.5600004196167,17.79406811846602
14.970000267028809,16.787182513584742
13.430000305175781,15.164250579144564
11.569999694824219,11.397666656464676
9.329999923706055,11.454947227050155
15.579999923706055,17.10653543292471
20.93000030517578,18.46659872547707
11.989999771118164,13.173386839212082
15.369999885559082,14.43863361945231
10.470000267028809,10.09663756565835
14.40999984741211,11.189234995910574
10.15999984741211,12.044356968485687
15.119999885559082,14.367426169339195
12.319999694824219,12.850823751105782
10.460000038146973,14.812293631810496
15.0600004196167,14.083054936275909
9.680000305175781,13.15050290362602
10.6899995803833,13.01327712815971
17.799999237060547,14.387730184458285
10.6899995803833,12.956617944475685
17.059999465942383,15.805608204861676
20.8799991607666,16.283008225006174
10.890000343322754,11.54520314650686
13.470000267028809,14.871752766994987
13.619999885559082,14.63365703891073
13.479999542236328,9.4786763356173
14.890000343322754,14.67038245921771
10.600000381469727,12.081948154047366
15.59000015258789,18.03027735138987
17.889999389648438,16.251223045830788
12.949999809265137,12.49368587417804
10.119999885559082,12.796761954482323
12.140000343322754,14.221041335451591
