AppliancesEnergy,MultiRocketHydraRegressor,TEST,0,MILLISECONDS,Generated by run_regression_experiment on 02/10/2025, 17:31:48
{'n_groups': 64, 'n_jobs': 1, 'n_kernels': 8, 'random_state': None}
7.707807154552879,1321,493,935,166858752,N/A,-1,-1
17.3700008392334,15.286882924155908
20.649999618530273,17.88783968013832
11.420000076293945,12.450961301219582
10.680000305175781,12.084299672363006
12.4399995803833,13.418310500889827
11.170000076293945,15.31523913313431
24.1200008392334,17.21947441919265
10.989999771118164,14.786784112185698
13.760000228881836,15.870014403844161
14.5600004196167,15.597712879694434
14.970000267028809,16.407137025674785
13.430000305175781,17.272381440157922
11.569999694824219,11.838271294804125
9.329999923706055,14.227202622835463
15.579999923706055,19.103150139635257
20.93000030517578,19.436405188131708
11.989999771118164,14.248262732152389
15.369999885559082,14.54842492564909
10.470000267028809,10.702906842815572
14.40999984741211,13.490933212803974
10.15999984741211,12.693455001788378
15.119999885559082,15.908861355392453
12.319999694824219,14.295164774005729
10.460000038146973,15.26878889444814
15.0600004196167,13.248440979371578
9.680000305175781,13.939090670312474
10.6899995803833,15.145413264622357
17.799999237060547,17.502217496773202
10.6899995803833,13.70910514774264
17.059999465942383,17.280895656768823
20.8799991607666,17.57309202098511
10.890000343322754,13.727881418070726
13.470000267028809,16.313740486066123
13.619999885559082,16.24199813007125
13.479999542236328,11.408387613939272
14.890000343322754,15.309036623634826
10.600000381469727,12.205469421847614
15.59000015258789,18.984235202309055
17.889999389648438,17.036587031419128
12.949999809265137,12.904956113506477
10.119999885559082,13.83976586202686
12.140000343322754,15.164325890220471
