Covid3Month,NaiveMean,TEST,0,MILLISECONDS,Generated by run_regression_experiment on 02/21/2025, 15:29:18
{'seed': 0}
0.001999871581313029,23,0,1204,28672,N/A,-1,-1
0.011883802816901408,0.036897629499435425
0.003795066413662239,0.036897629499435425
0.08298755186721991,0.036897629499435425
0.04510921177587844,0.036897629499435425
0.12783074753173485,0.036897629499435425
0.0,0.036897629499435425
0.04842105263157895,0.036897629499435425
0.10526315789473684,0.036897629499435425
0.023722627737226276,0.036897629499435425
0.0125,0.036897629499435425
0.008395522388059701,0.036897629499435425
0.07488584474885844,0.036897629499435425
0.002214022140221402,0.036897629499435425
0.06350568547521991,0.036897629499435425
0.0078125,0.036897629499435425
0.013596572918606817,0.036897629499435425
0.046831955922865015,0.036897629499435425
0.14285714285714285,0.036897629499435425
0.0,0.036897629499435425
0.010135135135135136,0.036897629499435425
0.0,0.036897629499435425
0.021014767133661492,0.036897629499435425
0.043795620437956206,0.036897629499435425
0.1578416540595058,0.036897629499435425
0.12829434037964843,0.036897629499435425
0.022429906542056073,0.036897629499435425
0.02620522680338959,0.036897629499435425
0.029154518950437316,0.036897629499435425
0.050955414012738856,0.036897629499435425
0.005042016806722689,0.036897629499435425
0.013474494706448507,0.036897629499435425
0.039473684210526314,0.036897629499435425
0.04983388704318937,0.036897629499435425
0.0,0.036897629499435425
0.014492753623188406,0.036897629499435425
0.13793103448275862,0.036897629499435425
0.018779342723004695,0.036897629499435425
0.061224489795918366,0.036897629499435425
0.0,0.036897629499435425
0.019255874673629242,0.036897629499435425
0.0,0.036897629499435425
0.0,0.036897629499435425
0.07142857142857142,0.036897629499435425
0.0,0.036897629499435425
0.03271253498021808,0.036897629499435425
0.03926512968299712,0.036897629499435425
0.0551671252650097,0.036897629499435425
0.08,0.036897629499435425
0.002042007001166861,0.036897629499435425
0.0,0.036897629499435425
0.05432595573440644,0.036897629499435425
0.0,0.036897629499435425
0.0,0.036897629499435425
0.1111111111111111,0.036897629499435425
0.017902813299232736,0.036897629499435425
0.03731343283582089,0.036897629499435425
0.02102803738317757,0.036897629499435425
0.010999083409715857,0.036897629499435425
0.18181818181818182,0.036897629499435425
0.0,0.036897629499435425
0.04326923076923077,0.036897629499435425
