CardanoSentiment,HydraBoostGridSearchHoldout,TEST,0,MILLISECONDS,Generated by run_regression_experiment on 02/18/2025, 17:49:48
{'seed': 0, 'boost_lr': 0.5, 'hydra_batch_size': 1024, 'init_n_groups': 64, 'init_n_kernels': 8, 'l2_ghat': 10, 'l2_reg': 1, 'max_num_channels': 3, 'n_groups': 64, 'n_kernels': 8, 'n_layers': 1}
0.10535027529041874,159885,30,1259,241704960,N/A,-1,-1
0.0795,0.18498440086841583
0.2185,0.18722949922084808
0.5,0.11026419699192047
0.3198,0.16433146595954895
0.3538,0.15964242815971375
0.931,0.28032898902893066
0.5305,-0.04200977087020874
0.3833,0.5861460566520691
0.2076,0.2576136291027069
0.0,0.1337263584136963
0.1133,0.11303220689296722
-0.0967,0.28782445192337036
0.199,0.02509474754333496
0.31,0.06632719933986664
-0.0293,-0.08417665958404541
0.2633,0.1078283041715622
0.572,0.20744261145591736
0.513,0.19713473320007324
0.2943,0.21380093693733215
0.113,0.0023180991411209106
0.0,0.296592652797699
0.984,0.09237752854824066
0.247,-0.09534969925880432
0.3084,0.2309497892856598
0.3633,0.30714911222457886
0.1193,0.22755324840545654
0.0168,0.11236043274402618
-0.0935,0.18151599168777466
-0.0258,0.16523689031600952
0.0549,0.182987242937088
0.8135,-0.004147469997406006
0.0,0.2850472927093506
0.3487,0.2326868325471878
